region,test_mae,test_rmse,test_mape,coverage_80
Ala,418.3340136658499,566.9285553197659,17.366546429934413,0.0
Albiano,122.0120448312678,151.8130210709861,30.22636028186793,0.0
Aldeno,190.6194810524986,234.5763921889385,35.404457795246834,0.0
Amblar,210.1553347581766,250.5839611473493,31.098554946612726,0.0
Andalo,908.1910043598168,1120.9956705959366,46.231698703058065,0.0
