region,test_mae,test_rmse,test_mape
Ala,616.0866468645262,837.1653066362197,25.443467201756892
Albiano,130.78089966874063,178.09650911123043,34.27058928903798
Aldeno,133.1371555471294,181.01678064206214,26.673859111365918
Amblar,210.07805166853407,273.4114731333996,30.269660985113184
Andalo,424.43393402406633,549.8728590077473,25.93629265436064
