MAE,RMSE,MAPE
2250.0595453186456,4122.158738860196,40.44577962292329
