region,test_mae,test_rmse,test_mape
Ala,643.7987906111935,756.3352934026162,29.613749483740094
Albiano,124.37529176787656,139.45621146647255,36.6292339362512
Aldeno,178.03560432676625,204.79907891594414,35.79325748896352
Amblar,160.01805234471823,182.91658467845699,34.42361531094279
Andalo,558.5940773892803,648.9702031744856,48.578555845793986
