region,test_mae,test_rmse,test_mape,valid_points
ADRIANO,172.33763600358506,215.1558850611372,11.841699804497422,893
AFFORI,362.4917572547196,484.2317927003124,10.624040244311496,893
ASSIANO,311.5023488490841,390.82690911355877,16.485008557224027,893
BAGGIO,853.6165007849684,1011.3763777934588,18.95981745910004,893
BANDE NERE,529.4312901847336,683.8626064443372,10.22274876802641,893
