region,test_mae,test_rmse,test_mape
Ala,675.2447610829981,805.2705085452408,30.179085962667994
Albiano,123.53973267266078,156.5918467168473,33.687046933026316
Aldeno,179.1734811430088,215.84929846059435,44.93992765243059
Amblar,187.89316387365068,223.46294610854787,32.4401569007954
Andalo,614.9068669637303,740.1590386759979,54.03332459933654
